-- Nithish Fit: NEW South Indian (Kerala/Tamil Nadu) + Mumbai food items only.
-- Safe to run once against the existing production database -- does not touch
-- any of the pre-existing food items, servings, or aliases.

begin;

-- New food items
insert into food_items (id, slug, name, category, cuisine_tag, raw_cooked_state, preparation_method, calories_per_100g, protein_per_100g, carbs_per_100g, fat_per_100g, fibre_per_100g, source, measurement_basis, reliability, last_updated, is_custom, owner_user_id) values ('8489ca8c-aea4-4514-889a-f26e95f9c216', 'pazham-pori', 'Pazham pori (Kerala banana fritter)', 'snacks', 'south_indian', 'cooked', 'ripe banana dipped in sweetened maida batter, deep fried', 260, 2.5, 38, 11, 1.5, 'IFCT/USDA reference (estimated)', 'per 100g cooked', 'estimated', '2026-07-01', false, null) on conflict (slug) do nothing;
insert into food_items (id, slug, name, category, cuisine_tag, raw_cooked_state, preparation_method, calories_per_100g, protein_per_100g, carbs_per_100g, fat_per_100g, fibre_per_100g, source, measurement_basis, reliability, last_updated, is_custom, owner_user_id) values ('78bc1658-e37e-4738-abab-ccb78ab5ed11', 'appam', 'Appam (Kerala rice pancake)', 'breakfast', 'south_indian', 'cooked', 'fermented rice-coconut milk batter, cooked in a curved pan', 140, 2.8, 27, 2, 0.8, 'IFCT reference (estimated)', 'per 100g cooked', 'estimated', '2026-07-01', false, null) on conflict (slug) do nothing;
insert into food_items (id, slug, name, category, cuisine_tag, raw_cooked_state, preparation_method, calories_per_100g, protein_per_100g, carbs_per_100g, fat_per_100g, fibre_per_100g, source, measurement_basis, reliability, last_updated, is_custom, owner_user_id) values ('91c39f9b-6566-4868-ba7f-87a74d8de83e', 'puttu', 'Puttu (steamed rice-coconut cylinder)', 'breakfast', 'south_indian', 'cooked', 'steamed layers of rice flour and grated coconut', 160, 3, 32, 2.5, 2, 'IFCT reference (estimated)', 'per 100g cooked', 'estimated', '2026-07-01', false, null) on conflict (slug) do nothing;
insert into food_items (id, slug, name, category, cuisine_tag, raw_cooked_state, preparation_method, calories_per_100g, protein_per_100g, carbs_per_100g, fat_per_100g, fibre_per_100g, source, measurement_basis, reliability, last_updated, is_custom, owner_user_id) values ('243f56f3-c54b-40cf-aaab-a36c99b437b5', 'idiyappam', 'Idiyappam (string hoppers)', 'breakfast', 'south_indian', 'cooked', 'steamed pressed rice-flour noodles', 130, 2.5, 28, 0.5, 1, 'IFCT reference (estimated)', 'per 100g cooked', 'estimated', '2026-07-01', false, null) on conflict (slug) do nothing;
insert into food_items (id, slug, name, category, cuisine_tag, raw_cooked_state, preparation_method, calories_per_100g, protein_per_100g, carbs_per_100g, fat_per_100g, fibre_per_100g, source, measurement_basis, reliability, last_updated, is_custom, owner_user_id) values ('85fe1e5e-f993-4cd4-b7fa-8280ff5902b1', 'unniyappam', 'Unniyappam (sweet rice-jaggery-banana fritters)', 'sweets', 'south_indian', 'cooked', 'rice flour, jaggery and banana batter, deep fried in small moulds', 320, 3, 45, 14, 1.5, 'IFCT reference (estimated)', 'per 100g cooked', 'estimated', '2026-07-01', false, null) on conflict (slug) do nothing;
insert into food_items (id, slug, name, category, cuisine_tag, raw_cooked_state, preparation_method, calories_per_100g, protein_per_100g, carbs_per_100g, fat_per_100g, fibre_per_100g, source, measurement_basis, reliability, last_updated, is_custom, owner_user_id) values ('fd1118cc-72bb-4f11-882e-d94c0ad55d3f', 'banana-chips-kerala', 'Banana chips (Kerala, coconut oil fried)', 'snacks', 'south_indian', 'cooked', 'raw banana sliced thin, deep fried in coconut oil, salted', 536, 2, 58, 33, 3, 'USDA reference (estimated)', 'per 100g', 'estimated', '2026-07-01', false, null) on conflict (slug) do nothing;
insert into food_items (id, slug, name, category, cuisine_tag, raw_cooked_state, preparation_method, calories_per_100g, protein_per_100g, carbs_per_100g, fat_per_100g, fibre_per_100g, source, measurement_basis, reliability, last_updated, is_custom, owner_user_id) values ('cbf88882-bb11-4c28-8a23-395c27614d1e', 'malabar-parotta', 'Malabar parotta (Kerala layered flatbread)', 'breads', 'south_indian', 'cooked', 'layered maida dough, pan-fried with oil', 310, 6, 45, 11, 1.5, 'IFCT reference (estimated)', 'per 100g cooked', 'estimated', '2026-07-01', false, null) on conflict (slug) do nothing;
insert into food_items (id, slug, name, category, cuisine_tag, raw_cooked_state, preparation_method, calories_per_100g, protein_per_100g, carbs_per_100g, fat_per_100g, fibre_per_100g, source, measurement_basis, reliability, last_updated, is_custom, owner_user_id) values ('68b3a02a-3292-4c53-9f28-15c730c07c21', 'egg-roast-kerala', 'Egg roast (Kerala style)', 'eggs', 'south_indian', 'cooked', 'boiled eggs simmered in a thick onion-tomato-spice masala', 190, 9, 6, 15, 0.5, 'IFCT reference (estimated)', 'per 100g cooked', 'estimated', '2026-07-01', false, null) on conflict (slug) do nothing;
insert into food_items (id, slug, name, category, cuisine_tag, raw_cooked_state, preparation_method, calories_per_100g, protein_per_100g, carbs_per_100g, fat_per_100g, fibre_per_100g, source, measurement_basis, reliability, last_updated, is_custom, owner_user_id) values ('1760b7ee-efa0-4d2d-abfc-4896e85eb004', 'avial', 'Avial', 'south_indian_curries', 'south_indian', 'cooked', 'mixed vegetables in a coconut-yogurt gravy, tempered with coconut oil', 110, 3, 10, 6, 3.5, 'IFCT reference (estimated)', 'per 100g cooked', 'estimated', '2026-07-01', false, null) on conflict (slug) do nothing;
insert into food_items (id, slug, name, category, cuisine_tag, raw_cooked_state, preparation_method, calories_per_100g, protein_per_100g, carbs_per_100g, fat_per_100g, fibre_per_100g, source, measurement_basis, reliability, last_updated, is_custom, owner_user_id) values ('4b8b985c-7f0f-4b01-b6e9-f4c489d05429', 'thoran', 'Thoran (vegetable stir-fry with coconut)', 'vegetables', 'south_indian', 'cooked', 'chopped vegetables stir-fried with grated coconut and mustard tempering', 95, 2.5, 9, 5.5, 4, 'IFCT reference (estimated)', 'per 100g cooked', 'estimated', '2026-07-01', false, null) on conflict (slug) do nothing;
insert into food_items (id, slug, name, category, cuisine_tag, raw_cooked_state, preparation_method, calories_per_100g, protein_per_100g, carbs_per_100g, fat_per_100g, fibre_per_100g, source, measurement_basis, reliability, last_updated, is_custom, owner_user_id) values ('f28f51cd-f210-4070-867a-46ae5be821da', 'olan', 'Olan (ash gourd coconut milk curry)', 'south_indian_curries', 'south_indian', 'cooked', 'ash gourd and black-eyed peas simmered in thin coconut milk', 70, 1.5, 6, 4.5, 2, 'IFCT reference (estimated)', 'per 100g cooked', 'estimated', '2026-07-01', false, null) on conflict (slug) do nothing;
insert into food_items (id, slug, name, category, cuisine_tag, raw_cooked_state, preparation_method, calories_per_100g, protein_per_100g, carbs_per_100g, fat_per_100g, fibre_per_100g, source, measurement_basis, reliability, last_updated, is_custom, owner_user_id) values ('9619ca7a-fbe9-4057-947b-29cd52fed4c6', 'erissery', 'Erissery (pumpkin-lentil coconut curry)', 'south_indian_curries', 'south_indian', 'cooked', 'pumpkin and lentils cooked with coconut, tempered', 105, 4, 14, 4, 3.5, 'IFCT reference (estimated)', 'per 100g cooked', 'estimated', '2026-07-01', false, null) on conflict (slug) do nothing;
insert into food_items (id, slug, name, category, cuisine_tag, raw_cooked_state, preparation_method, calories_per_100g, protein_per_100g, carbs_per_100g, fat_per_100g, fibre_per_100g, source, measurement_basis, reliability, last_updated, is_custom, owner_user_id) values ('56ac987d-605b-4402-aa5d-57c4f09d1ccc', 'kadala-curry', 'Kadala curry (Kerala black chickpea curry)', 'south_indian_curries', 'south_indian', 'cooked', 'black chickpeas in a coconut-roasted spice gravy', 140, 7, 16, 5, 5, 'IFCT reference (estimated)', 'per 100g cooked', 'estimated', '2026-07-01', false, null) on conflict (slug) do nothing;
insert into food_items (id, slug, name, category, cuisine_tag, raw_cooked_state, preparation_method, calories_per_100g, protein_per_100g, carbs_per_100g, fat_per_100g, fibre_per_100g, source, measurement_basis, reliability, last_updated, is_custom, owner_user_id) values ('68a820e2-e35f-4f7c-ac75-33c9dd924b77', 'meen-curry-kerala', 'Meen curry (Kerala tamarind fish curry)', 'fish', 'south_indian', 'cooked', 'fish simmered in a tangy kokum/tamarind and red chilli gravy', 135, 15, 4, 6.5, 0.5, 'IFCT reference (estimated)', 'per 100g cooked', 'estimated', '2026-07-01', false, null) on conflict (slug) do nothing;
insert into food_items (id, slug, name, category, cuisine_tag, raw_cooked_state, preparation_method, calories_per_100g, protein_per_100g, carbs_per_100g, fat_per_100g, fibre_per_100g, source, measurement_basis, reliability, last_updated, is_custom, owner_user_id) values ('c7c76b58-45d8-465c-bd6e-a3d791aecac8', 'fish-moilee', 'Fish moilee (Kerala coconut milk fish curry)', 'fish', 'south_indian', 'cooked', 'fish simmered in a mild coconut milk gravy with curry leaves', 140, 14, 5, 7, 0.5, 'IFCT reference (estimated)', 'per 100g cooked', 'estimated', '2026-07-01', false, null) on conflict (slug) do nothing;
insert into food_items (id, slug, name, category, cuisine_tag, raw_cooked_state, preparation_method, calories_per_100g, protein_per_100g, carbs_per_100g, fat_per_100g, fibre_per_100g, source, measurement_basis, reliability, last_updated, is_custom, owner_user_id) values ('713d5dbe-27d5-4d5a-a47b-ec3426ac2a54', 'beef-fry-kerala', 'Beef fry (Kerala ularthiyathu)', 'beef', 'south_indian', 'cooked', 'beef pieces roasted dry with coconut slivers and spices', 230, 24, 4, 13, 1, 'IFCT/USDA reference (estimated)', 'per 100g cooked', 'estimated', '2026-07-01', false, null) on conflict (slug) do nothing;
insert into food_items (id, slug, name, category, cuisine_tag, raw_cooked_state, preparation_method, calories_per_100g, protein_per_100g, carbs_per_100g, fat_per_100g, fibre_per_100g, source, measurement_basis, reliability, last_updated, is_custom, owner_user_id) values ('17a99450-b95e-4389-b7ea-d0020e20f652', 'kappa', 'Kappa (boiled tapioca)', 'vegetables', 'south_indian', 'cooked', 'tapioca root boiled and lightly mashed', 160, 1, 38, 0.3, 1.8, 'USDA reference (estimated)', 'per 100g cooked', 'estimated', '2026-07-01', false, null) on conflict (slug) do nothing;
insert into food_items (id, slug, name, category, cuisine_tag, raw_cooked_state, preparation_method, calories_per_100g, protein_per_100g, carbs_per_100g, fat_per_100g, fibre_per_100g, source, measurement_basis, reliability, last_updated, is_custom, owner_user_id) values ('4f79af30-bc27-43e4-8f9e-bb53fc507503', 'payasam-paal', 'Paal payasam (Kerala milk-rice payasam)', 'sweets', 'south_indian', 'cooked', 'rice slow-cooked in milk and sugar', 150, 3.5, 22, 5, 0.3, 'IFCT reference (estimated)', 'per 100g cooked', 'estimated', '2026-07-01', false, null) on conflict (slug) do nothing;
insert into food_items (id, slug, name, category, cuisine_tag, raw_cooked_state, preparation_method, calories_per_100g, protein_per_100g, carbs_per_100g, fat_per_100g, fibre_per_100g, source, measurement_basis, reliability, last_updated, is_custom, owner_user_id) values ('1802fc95-b3ca-4a7a-92e7-fae61bdbd744', 'ada-pradhaman', 'Ada pradhaman (jaggery-coconut milk payasam)', 'sweets', 'south_indian', 'cooked', 'rice flakes (ada) cooked with jaggery and coconut milk', 220, 2.5, 32, 9, 0.5, 'IFCT reference (estimated)', 'per 100g cooked', 'estimated', '2026-07-01', false, null) on conflict (slug) do nothing;
insert into food_items (id, slug, name, category, cuisine_tag, raw_cooked_state, preparation_method, calories_per_100g, protein_per_100g, carbs_per_100g, fat_per_100g, fibre_per_100g, source, measurement_basis, reliability, last_updated, is_custom, owner_user_id) values ('de137651-87f9-4d2f-b55f-29dc3226d060', 'pongal-ven', 'Ven pongal', 'breakfast', 'south_indian', 'cooked', 'rice and moong dal cooked together with ghee, pepper and cumin', 155, 4.5, 24, 4.5, 1.2, 'IFCT reference (estimated)', 'per 100g cooked', 'estimated', '2026-07-01', false, null) on conflict (slug) do nothing;
insert into food_items (id, slug, name, category, cuisine_tag, raw_cooked_state, preparation_method, calories_per_100g, protein_per_100g, carbs_per_100g, fat_per_100g, fibre_per_100g, source, measurement_basis, reliability, last_updated, is_custom, owner_user_id) values ('0e902062-2b76-45dd-969e-c15b8c4ca827', 'pongal-sakkarai', 'Sakkarai pongal (sweet pongal)', 'sweets', 'south_indian', 'cooked', 'rice and moong dal cooked with jaggery, ghee and cashews', 250, 4, 42, 8, 0.8, 'IFCT reference (estimated)', 'per 100g cooked', 'estimated', '2026-07-01', false, null) on conflict (slug) do nothing;
insert into food_items (id, slug, name, category, cuisine_tag, raw_cooked_state, preparation_method, calories_per_100g, protein_per_100g, carbs_per_100g, fat_per_100g, fibre_per_100g, source, measurement_basis, reliability, last_updated, is_custom, owner_user_id) values ('87fa8c96-ac50-48d8-a9b5-31590cde06cf', 'medu-vada', 'Medu vada', 'breakfast', 'south_indian', 'cooked', 'ground urad dal batter, deep fried into a doughnut shape', 185, 6, 20, 9, 2, 'IFCT reference (estimated)', 'per 100g cooked', 'estimated', '2026-07-01', false, null) on conflict (slug) do nothing;
insert into food_items (id, slug, name, category, cuisine_tag, raw_cooked_state, preparation_method, calories_per_100g, protein_per_100g, carbs_per_100g, fat_per_100g, fibre_per_100g, source, measurement_basis, reliability, last_updated, is_custom, owner_user_id) values ('a14290ab-0c7e-4e9b-84c7-ac33935ba62f', 'uttapam', 'Uttapam', 'breakfast', 'south_indian', 'cooked', 'thick fermented rice-urad batter pancake topped with onion and tomato', 150, 4, 24, 4, 1.3, 'IFCT reference (estimated)', 'per 100g cooked', 'estimated', '2026-07-01', false, null) on conflict (slug) do nothing;
insert into food_items (id, slug, name, category, cuisine_tag, raw_cooked_state, preparation_method, calories_per_100g, protein_per_100g, carbs_per_100g, fat_per_100g, fibre_per_100g, source, measurement_basis, reliability, last_updated, is_custom, owner_user_id) values ('77117596-2e84-43cb-955f-8c01be850aad', 'rava-dosa', 'Rava dosa', 'breakfast', 'south_indian', 'cooked', 'thin crisp semolina-rice flour batter roasted on tawa with oil', 200, 4, 26, 8, 1, 'IFCT reference (estimated)', 'per 100g cooked', 'estimated', '2026-07-01', false, null) on conflict (slug) do nothing;
insert into food_items (id, slug, name, category, cuisine_tag, raw_cooked_state, preparation_method, calories_per_100g, protein_per_100g, carbs_per_100g, fat_per_100g, fibre_per_100g, source, measurement_basis, reliability, last_updated, is_custom, owner_user_id) values ('1abcdd65-cb19-4b70-acad-bfb04e357cd9', 'adai', 'Adai (mixed lentil dosa)', 'breakfast', 'south_indian', 'cooked', 'coarse batter of rice and mixed lentils, roasted on tawa with oil', 175, 7, 24, 5, 3, 'IFCT reference (estimated)', 'per 100g cooked', 'estimated', '2026-07-01', false, null) on conflict (slug) do nothing;
insert into food_items (id, slug, name, category, cuisine_tag, raw_cooked_state, preparation_method, calories_per_100g, protein_per_100g, carbs_per_100g, fat_per_100g, fibre_per_100g, source, measurement_basis, reliability, last_updated, is_custom, owner_user_id) values ('8153326b-593d-4d84-946c-0a107a5b5ac2', 'paniyaram', 'Kuzhi paniyaram', 'snacks', 'south_indian', 'cooked', 'fermented dosa batter cooked into balls in a moulded pan with oil', 160, 4, 22, 6, 1, 'IFCT reference (estimated)', 'per 100g cooked', 'estimated', '2026-07-01', false, null) on conflict (slug) do nothing;
insert into food_items (id, slug, name, category, cuisine_tag, raw_cooked_state, preparation_method, calories_per_100g, protein_per_100g, carbs_per_100g, fat_per_100g, fibre_per_100g, source, measurement_basis, reliability, last_updated, is_custom, owner_user_id) values ('75454d9c-660d-4006-ba46-76431e95ba0c', 'murukku', 'Murukku', 'snacks', 'south_indian', 'cooked', 'spiced rice-urad flour dough, extruded into spirals and deep fried', 480, 8, 55, 25, 2, 'IFCT reference (estimated)', 'per 100g', 'estimated', '2026-07-01', false, null) on conflict (slug) do nothing;
insert into food_items (id, slug, name, category, cuisine_tag, raw_cooked_state, preparation_method, calories_per_100g, protein_per_100g, carbs_per_100g, fat_per_100g, fibre_per_100g, source, measurement_basis, reliability, last_updated, is_custom, owner_user_id) values ('92953484-bf00-4527-a5bc-94f9efc9df53', 'sundal', 'Sundal (steamed chickpea snack)', 'snacks', 'south_indian', 'cooked', 'boiled chickpeas or lentils tempered with mustard, curry leaves and coconut', 140, 7, 20, 3.5, 5, 'IFCT reference (estimated)', 'per 100g cooked', 'estimated', '2026-07-01', false, null) on conflict (slug) do nothing;
insert into food_items (id, slug, name, category, cuisine_tag, raw_cooked_state, preparation_method, calories_per_100g, protein_per_100g, carbs_per_100g, fat_per_100g, fibre_per_100g, source, measurement_basis, reliability, last_updated, is_custom, owner_user_id) values ('0129ee49-3c54-410e-8c53-53b9de0d7511', 'chicken-chettinad', 'Chicken Chettinad', 'chicken', 'south_indian', 'cooked', 'chicken in a roasted coconut, black pepper and spice masala', 195, 16, 6, 12, 1, 'IFCT reference (estimated)', 'per 100g cooked', 'estimated', '2026-07-01', false, null) on conflict (slug) do nothing;
insert into food_items (id, slug, name, category, cuisine_tag, raw_cooked_state, preparation_method, calories_per_100g, protein_per_100g, carbs_per_100g, fat_per_100g, fibre_per_100g, source, measurement_basis, reliability, last_updated, is_custom, owner_user_id) values ('b9dcb8a8-1fb9-411d-ae5b-aa9ad745446d', 'mutton-chukka', 'Mutton chukka (dry roasted mutton)', 'mutton', 'south_indian', 'cooked', 'mutton pressure-cooked then dry-roasted with spices until browned', 250, 22, 5, 16, 1, 'IFCT reference (estimated)', 'per 100g cooked', 'estimated', '2026-07-01', false, null) on conflict (slug) do nothing;
insert into food_items (id, slug, name, category, cuisine_tag, raw_cooked_state, preparation_method, calories_per_100g, protein_per_100g, carbs_per_100g, fat_per_100g, fibre_per_100g, source, measurement_basis, reliability, last_updated, is_custom, owner_user_id) values ('52edb2d5-18d4-4af6-b5e8-44eea3f797b5', 'meen-varuval', 'Meen varuval (Tamil-style fried fish)', 'fish', 'south_indian', 'cooked', 'fish marinated in spices and shallow fried', 210, 20, 5, 12, 0.5, 'IFCT reference (estimated)', 'per 100g cooked', 'estimated', '2026-07-01', false, null) on conflict (slug) do nothing;
insert into food_items (id, slug, name, category, cuisine_tag, raw_cooked_state, preparation_method, calories_per_100g, protein_per_100g, carbs_per_100g, fat_per_100g, fibre_per_100g, source, measurement_basis, reliability, last_updated, is_custom, owner_user_id) values ('f20e86a2-68e2-42b4-a093-43074da8d6d8', 'prawn-masala-tamil', 'Prawn masala (Tamil style)', 'prawns', 'south_indian', 'cooked', 'prawns simmered in an onion-tomato-spice masala', 165, 17, 6, 8, 1, 'IFCT reference (estimated)', 'per 100g cooked', 'estimated', '2026-07-01', false, null) on conflict (slug) do nothing;
insert into food_items (id, slug, name, category, cuisine_tag, raw_cooked_state, preparation_method, calories_per_100g, protein_per_100g, carbs_per_100g, fat_per_100g, fibre_per_100g, source, measurement_basis, reliability, last_updated, is_custom, owner_user_id) values ('bdde0a75-ff0c-4773-949b-733142877661', 'poriyal', 'Poriyal (vegetable stir-fry with coconut)', 'vegetables', 'south_indian', 'cooked', 'chopped vegetables stir-fried with mustard tempering and grated coconut', 90, 2.5, 8, 5.5, 3, 'IFCT reference (estimated)', 'per 100g cooked', 'estimated', '2026-07-01', false, null) on conflict (slug) do nothing;
insert into food_items (id, slug, name, category, cuisine_tag, raw_cooked_state, preparation_method, calories_per_100g, protein_per_100g, carbs_per_100g, fat_per_100g, fibre_per_100g, source, measurement_basis, reliability, last_updated, is_custom, owner_user_id) values ('e4498877-30d6-41f8-916d-bc0b356637e4', 'kootu', 'Kootu (lentil-vegetable curry)', 'south_indian_curries', 'south_indian', 'cooked', 'vegetables and moong or toor dal cooked together with a mild coconut paste', 85, 4, 11, 2.5, 3, 'IFCT reference (estimated)', 'per 100g cooked', 'estimated', '2026-07-01', false, null) on conflict (slug) do nothing;
insert into food_items (id, slug, name, category, cuisine_tag, raw_cooked_state, preparation_method, calories_per_100g, protein_per_100g, carbs_per_100g, fat_per_100g, fibre_per_100g, source, measurement_basis, reliability, last_updated, is_custom, owner_user_id) values ('c7562768-3ea4-4f0b-8aa5-97af75c0d417', 'vatha-kuzhambu', 'Vatha kuzhambu', 'south_indian_curries', 'south_indian', 'cooked', 'tangy tamarind gravy with sun-dried vegetables (vathal) and spices', 90, 2, 9, 5, 2, 'IFCT reference (estimated)', 'per 100g cooked', 'estimated', '2026-07-01', false, null) on conflict (slug) do nothing;
insert into food_items (id, slug, name, category, cuisine_tag, raw_cooked_state, preparation_method, calories_per_100g, protein_per_100g, carbs_per_100g, fat_per_100g, fibre_per_100g, source, measurement_basis, reliability, last_updated, is_custom, owner_user_id) values ('df4b8795-ccd1-415f-bb16-d5d8a80406cb', 'mor-kuzhambu', 'Mor kuzhambu (buttermilk curry)', 'south_indian_curries', 'south_indian', 'cooked', 'spiced buttermilk-coconut gravy with vegetables, lightly tempered', 65, 2.5, 5, 4, 1, 'IFCT reference (estimated)', 'per 100g cooked', 'estimated', '2026-07-01', false, null) on conflict (slug) do nothing;
insert into food_items (id, slug, name, category, cuisine_tag, raw_cooked_state, preparation_method, calories_per_100g, protein_per_100g, carbs_per_100g, fat_per_100g, fibre_per_100g, source, measurement_basis, reliability, last_updated, is_custom, owner_user_id) values ('aa4bacaa-a462-4261-a25a-cd24a9b1e905', 'bisi-bele-bath', 'Bisi bele bath', 'grains', 'south_indian', 'cooked', 'rice and toor dal cooked with mixed vegetables and a roasted spice powder', 145, 4, 22, 4.5, 2, 'IFCT reference (estimated)', 'per 100g cooked', 'estimated', '2026-07-01', false, null) on conflict (slug) do nothing;
insert into food_items (id, slug, name, category, cuisine_tag, raw_cooked_state, preparation_method, calories_per_100g, protein_per_100g, carbs_per_100g, fat_per_100g, fibre_per_100g, source, measurement_basis, reliability, last_updated, is_custom, owner_user_id) values ('6ccfff11-6a01-437a-85eb-66b3cc80f499', 'payasam-semiya', 'Semiya payasam (vermicelli kheer)', 'sweets', 'south_indian', 'cooked', 'roasted vermicelli simmered in milk and sugar with cashews', 165, 3.5, 26, 5, 0.3, 'IFCT reference (estimated)', 'per 100g cooked', 'estimated', '2026-07-01', false, null) on conflict (slug) do nothing;
insert into food_items (id, slug, name, category, cuisine_tag, raw_cooked_state, preparation_method, calories_per_100g, protein_per_100g, carbs_per_100g, fat_per_100g, fibre_per_100g, source, measurement_basis, reliability, last_updated, is_custom, owner_user_id) values ('c0afa04d-a09e-4283-8d36-b80b25e53e2c', 'vada-pav', 'Vada pav', 'snacks', 'west_indian', 'cooked', 'spiced deep-fried potato fritter served inside a soft bread bun', 280, 6, 38, 11, 2.5, 'IFCT reference (estimated)', 'per 100g', 'estimated', '2026-07-01', false, null) on conflict (slug) do nothing;
insert into food_items (id, slug, name, category, cuisine_tag, raw_cooked_state, preparation_method, calories_per_100g, protein_per_100g, carbs_per_100g, fat_per_100g, fibre_per_100g, source, measurement_basis, reliability, last_updated, is_custom, owner_user_id) values ('35785350-a6b6-4cc1-8180-104c78d58761', 'pav-bhaji', 'Pav bhaji (with buttered pav)', 'restaurant', 'west_indian', 'cooked', 'mashed spiced mixed-vegetable curry served with buttered bread rolls', 190, 4.5, 26, 7, 2.5, 'IFCT reference (estimated)', 'per 100g', 'estimated', '2026-07-01', false, null) on conflict (slug) do nothing;
insert into food_items (id, slug, name, category, cuisine_tag, raw_cooked_state, preparation_method, calories_per_100g, protein_per_100g, carbs_per_100g, fat_per_100g, fibre_per_100g, source, measurement_basis, reliability, last_updated, is_custom, owner_user_id) values ('93c935d9-a5f7-45e8-a34c-febf9951f901', 'misal-pav', 'Misal pav', 'restaurant', 'west_indian', 'cooked', 'spicy sprouted moth bean curry topped with farsan, served with pav', 180, 7, 20, 8, 4, 'IFCT reference (estimated)', 'per 100g', 'estimated', '2026-07-01', false, null) on conflict (slug) do nothing;
insert into food_items (id, slug, name, category, cuisine_tag, raw_cooked_state, preparation_method, calories_per_100g, protein_per_100g, carbs_per_100g, fat_per_100g, fibre_per_100g, source, measurement_basis, reliability, last_updated, is_custom, owner_user_id) values ('ba6afa86-aa87-473f-9016-ae5b25940d51', 'sabudana-khichdi', 'Sabudana khichdi', 'breakfast', 'west_indian', 'cooked', 'soaked sago pearls stir-fried with peanuts, potato and mild spices', 190, 3.5, 30, 7, 1, 'IFCT reference (estimated)', 'per 100g cooked', 'estimated', '2026-07-01', false, null) on conflict (slug) do nothing;
insert into food_items (id, slug, name, category, cuisine_tag, raw_cooked_state, preparation_method, calories_per_100g, protein_per_100g, carbs_per_100g, fat_per_100g, fibre_per_100g, source, measurement_basis, reliability, last_updated, is_custom, owner_user_id) values ('13d454d2-1691-4738-97b7-f486b2fb0560', 'bhel-puri', 'Bhel puri', 'snacks', 'west_indian', 'cooked', 'puffed rice, sev, vegetables and tamarind-mint chutneys, mixed', 150, 3.5, 25, 4.5, 2, 'IFCT reference (estimated)', 'per 100g', 'estimated', '2026-07-01', false, null) on conflict (slug) do nothing;
insert into food_items (id, slug, name, category, cuisine_tag, raw_cooked_state, preparation_method, calories_per_100g, protein_per_100g, carbs_per_100g, fat_per_100g, fibre_per_100g, source, measurement_basis, reliability, last_updated, is_custom, owner_user_id) values ('930441a1-5ef1-41b3-8de1-f3ea5a6492fc', 'pani-puri', 'Pani puri', 'snacks', 'west_indian', 'cooked', 'crisp puris filled with spiced potato and tangy-spicy tamarind water', 180, 3, 30, 5, 1.5, 'IFCT reference (estimated)', 'per 100g', 'estimated', '2026-07-01', false, null) on conflict (slug) do nothing;

-- New food servings
insert into food_servings (food_item_id, unit, grams_equivalent, label, is_default) values ('8489ca8c-aea4-4514-889a-f26e95f9c216', 'piece', 45, '1 piece', true);
insert into food_servings (food_item_id, unit, grams_equivalent, label, is_default) values ('78bc1658-e37e-4738-abab-ccb78ab5ed11', 'piece', 60, '1 appam', true);
insert into food_servings (food_item_id, unit, grams_equivalent, label, is_default) values ('91c39f9b-6566-4868-ba7f-87a74d8de83e', 'cup', 100, '1 cup / cylinder', true);
insert into food_servings (food_item_id, unit, grams_equivalent, label, is_default) values ('243f56f3-c54b-40cf-aaab-a36c99b437b5', 'piece', 30, '1 idiyappam', true);
insert into food_servings (food_item_id, unit, grams_equivalent, label, is_default) values ('85fe1e5e-f993-4cd4-b7fa-8280ff5902b1', 'piece', 20, '1 piece', true);
insert into food_servings (food_item_id, unit, grams_equivalent, label, is_default) values ('fd1118cc-72bb-4f11-882e-d94c0ad55d3f', 'serving', 30, '1 small handful', true);
insert into food_servings (food_item_id, unit, grams_equivalent, label, is_default) values ('cbf88882-bb11-4c28-8a23-395c27614d1e', 'piece', 90, '1 parotta', true);
insert into food_servings (food_item_id, unit, grams_equivalent, label, is_default) values ('68b3a02a-3292-4c53-9f28-15c730c07c21', 'katori', 120, '1 katori (2 eggs)', true);
insert into food_servings (food_item_id, unit, grams_equivalent, label, is_default) values ('1760b7ee-efa0-4d2d-abfc-4896e85eb004', 'katori', 150, '1 katori', true);
insert into food_servings (food_item_id, unit, grams_equivalent, label, is_default) values ('4b8b985c-7f0f-4b01-b6e9-f4c489d05429', 'katori', 100, '1 katori', true);
insert into food_servings (food_item_id, unit, grams_equivalent, label, is_default) values ('f28f51cd-f210-4070-867a-46ae5be821da', 'katori', 150, '1 katori', true);
insert into food_servings (food_item_id, unit, grams_equivalent, label, is_default) values ('9619ca7a-fbe9-4057-947b-29cd52fed4c6', 'katori', 150, '1 katori', true);
insert into food_servings (food_item_id, unit, grams_equivalent, label, is_default) values ('56ac987d-605b-4402-aa5d-57c4f09d1ccc', 'katori', 150, '1 katori', true);
insert into food_servings (food_item_id, unit, grams_equivalent, label, is_default) values ('68a820e2-e35f-4f7c-ac75-33c9dd924b77', 'katori', 150, '1 katori', true);
insert into food_servings (food_item_id, unit, grams_equivalent, label, is_default) values ('c7c76b58-45d8-465c-bd6e-a3d791aecac8', 'katori', 150, '1 katori', true);
insert into food_servings (food_item_id, unit, grams_equivalent, label, is_default) values ('713d5dbe-27d5-4d5a-a47b-ec3426ac2a54', 'katori', 100, '1 katori', true);
insert into food_servings (food_item_id, unit, grams_equivalent, label, is_default) values ('17a99450-b95e-4389-b7ea-d0020e20f652', 'bowl', 150, '1 bowl', true);
insert into food_servings (food_item_id, unit, grams_equivalent, label, is_default) values ('4f79af30-bc27-43e4-8f9e-bb53fc507503', 'katori', 150, '1 katori', true);
insert into food_servings (food_item_id, unit, grams_equivalent, label, is_default) values ('1802fc95-b3ca-4a7a-92e7-fae61bdbd744', 'katori', 150, '1 katori', true);
insert into food_servings (food_item_id, unit, grams_equivalent, label, is_default) values ('de137651-87f9-4d2f-b55f-29dc3226d060', 'bowl', 180, '1 bowl', true);
insert into food_servings (food_item_id, unit, grams_equivalent, label, is_default) values ('0e902062-2b76-45dd-969e-c15b8c4ca827', 'katori', 150, '1 katori', true);
insert into food_servings (food_item_id, unit, grams_equivalent, label, is_default) values ('87fa8c96-ac50-48d8-a9b5-31590cde06cf', 'piece', 40, '1 vada', true);
insert into food_servings (food_item_id, unit, grams_equivalent, label, is_default) values ('a14290ab-0c7e-4e9b-84c7-ac33935ba62f', 'piece', 100, '1 uttapam', true);
insert into food_servings (food_item_id, unit, grams_equivalent, label, is_default) values ('77117596-2e84-43cb-955f-8c01be850aad', 'piece', 80, '1 dosa', true);
insert into food_servings (food_item_id, unit, grams_equivalent, label, is_default) values ('1abcdd65-cb19-4b70-acad-bfb04e357cd9', 'piece', 80, '1 adai', true);
insert into food_servings (food_item_id, unit, grams_equivalent, label, is_default) values ('8153326b-593d-4d84-946c-0a107a5b5ac2', 'serving', 80, '4 pieces', true);
insert into food_servings (food_item_id, unit, grams_equivalent, label, is_default) values ('75454d9c-660d-4006-ba46-76431e95ba0c', 'serving', 25, '3-4 pieces', true);
insert into food_servings (food_item_id, unit, grams_equivalent, label, is_default) values ('92953484-bf00-4527-a5bc-94f9efc9df53', 'katori', 100, '1 katori', true);
insert into food_servings (food_item_id, unit, grams_equivalent, label, is_default) values ('0129ee49-3c54-410e-8c53-53b9de0d7511', 'katori', 150, '1 katori', true);
insert into food_servings (food_item_id, unit, grams_equivalent, label, is_default) values ('b9dcb8a8-1fb9-411d-ae5b-aa9ad745446d', 'katori', 150, '1 katori', true);
insert into food_servings (food_item_id, unit, grams_equivalent, label, is_default) values ('52edb2d5-18d4-4af6-b5e8-44eea3f797b5', 'piece', 100, '1 piece', true);
insert into food_servings (food_item_id, unit, grams_equivalent, label, is_default) values ('f20e86a2-68e2-42b4-a093-43074da8d6d8', 'katori', 150, '1 katori', true);
insert into food_servings (food_item_id, unit, grams_equivalent, label, is_default) values ('bdde0a75-ff0c-4773-949b-733142877661', 'katori', 100, '1 katori', true);
insert into food_servings (food_item_id, unit, grams_equivalent, label, is_default) values ('e4498877-30d6-41f8-916d-bc0b356637e4', 'katori', 150, '1 katori', true);
insert into food_servings (food_item_id, unit, grams_equivalent, label, is_default) values ('c7562768-3ea4-4f0b-8aa5-97af75c0d417', 'katori', 150, '1 katori', true);
insert into food_servings (food_item_id, unit, grams_equivalent, label, is_default) values ('df4b8795-ccd1-415f-bb16-d5d8a80406cb', 'katori', 150, '1 katori', true);
insert into food_servings (food_item_id, unit, grams_equivalent, label, is_default) values ('aa4bacaa-a462-4261-a25a-cd24a9b1e905', 'cup', 200, '1 cup / plate', true);
insert into food_servings (food_item_id, unit, grams_equivalent, label, is_default) values ('6ccfff11-6a01-437a-85eb-66b3cc80f499', 'katori', 150, '1 katori', true);
insert into food_servings (food_item_id, unit, grams_equivalent, label, is_default) values ('c0afa04d-a09e-4283-8d36-b80b25e53e2c', 'piece', 120, '1 vada pav', true);
insert into food_servings (food_item_id, unit, grams_equivalent, label, is_default) values ('35785350-a6b6-4cc1-8180-104c78d58761', 'serving', 300, '1 plate (bhaji + 2 pav)', true);
insert into food_servings (food_item_id, unit, grams_equivalent, label, is_default) values ('93c935d9-a5f7-45e8-a34c-febf9951f901', 'serving', 250, '1 plate', true);
insert into food_servings (food_item_id, unit, grams_equivalent, label, is_default) values ('ba6afa86-aa87-473f-9016-ae5b25940d51', 'bowl', 150, '1 bowl', true);
insert into food_servings (food_item_id, unit, grams_equivalent, label, is_default) values ('13d454d2-1691-4738-97b7-f486b2fb0560', 'bowl', 150, '1 bowl', true);
insert into food_servings (food_item_id, unit, grams_equivalent, label, is_default) values ('930441a1-5ef1-41b3-8de1-f3ea5a6492fc', 'serving', 120, '6 pieces', true);

-- New food aliases
insert into food_aliases (food_item_id, alias, is_user_correction, owner_user_id) values ('8489ca8c-aea4-4514-889a-f26e95f9c216', 'ethakka appam', false, null);
insert into food_aliases (food_item_id, alias, is_user_correction, owner_user_id) values ('8489ca8c-aea4-4514-889a-f26e95f9c216', 'pazhampori', false, null);
insert into food_aliases (food_item_id, alias, is_user_correction, owner_user_id) values ('8489ca8c-aea4-4514-889a-f26e95f9c216', 'banana fritter', false, null);
insert into food_aliases (food_item_id, alias, is_user_correction, owner_user_id) values ('8489ca8c-aea4-4514-889a-f26e95f9c216', 'plantain fritter', false, null);
insert into food_aliases (food_item_id, alias, is_user_correction, owner_user_id) values ('8489ca8c-aea4-4514-889a-f26e95f9c216', 'kerala banana fritter', false, null);
insert into food_aliases (food_item_id, alias, is_user_correction, owner_user_id) values ('78bc1658-e37e-4738-abab-ccb78ab5ed11', 'vella appam', false, null);
insert into food_aliases (food_item_id, alias, is_user_correction, owner_user_id) values ('78bc1658-e37e-4738-abab-ccb78ab5ed11', 'palappam', false, null);
insert into food_aliases (food_item_id, alias, is_user_correction, owner_user_id) values ('91c39f9b-6566-4868-ba7f-87a74d8de83e', 'pittu', false, null);
insert into food_aliases (food_item_id, alias, is_user_correction, owner_user_id) values ('243f56f3-c54b-40cf-aaab-a36c99b437b5', 'string hoppers', false, null);
insert into food_aliases (food_item_id, alias, is_user_correction, owner_user_id) values ('243f56f3-c54b-40cf-aaab-a36c99b437b5', 'noolappam', false, null);
insert into food_aliases (food_item_id, alias, is_user_correction, owner_user_id) values ('243f56f3-c54b-40cf-aaab-a36c99b437b5', 'nool puttu', false, null);
insert into food_aliases (food_item_id, alias, is_user_correction, owner_user_id) values ('85fe1e5e-f993-4cd4-b7fa-8280ff5902b1', 'unni appam', false, null);
insert into food_aliases (food_item_id, alias, is_user_correction, owner_user_id) values ('fd1118cc-72bb-4f11-882e-d94c0ad55d3f', 'upperi', false, null);
insert into food_aliases (food_item_id, alias, is_user_correction, owner_user_id) values ('fd1118cc-72bb-4f11-882e-d94c0ad55d3f', 'kerala chips', false, null);
insert into food_aliases (food_item_id, alias, is_user_correction, owner_user_id) values ('fd1118cc-72bb-4f11-882e-d94c0ad55d3f', 'nendran chips', false, null);
insert into food_aliases (food_item_id, alias, is_user_correction, owner_user_id) values ('cbf88882-bb11-4c28-8a23-395c27614d1e', 'kerala parotta', false, null);
insert into food_aliases (food_item_id, alias, is_user_correction, owner_user_id) values ('cbf88882-bb11-4c28-8a23-395c27614d1e', 'porotta', false, null);
insert into food_aliases (food_item_id, alias, is_user_correction, owner_user_id) values ('cbf88882-bb11-4c28-8a23-395c27614d1e', 'barotta', false, null);
insert into food_aliases (food_item_id, alias, is_user_correction, owner_user_id) values ('68b3a02a-3292-4c53-9f28-15c730c07c21', 'mutta roast', false, null);
insert into food_aliases (food_item_id, alias, is_user_correction, owner_user_id) values ('68b3a02a-3292-4c53-9f28-15c730c07c21', 'kerala egg roast', false, null);
insert into food_aliases (food_item_id, alias, is_user_correction, owner_user_id) values ('56ac987d-605b-4402-aa5d-57c4f09d1ccc', 'black chana curry', false, null);
insert into food_aliases (food_item_id, alias, is_user_correction, owner_user_id) values ('56ac987d-605b-4402-aa5d-57c4f09d1ccc', 'kala chana curry kerala', false, null);
insert into food_aliases (food_item_id, alias, is_user_correction, owner_user_id) values ('68a820e2-e35f-4f7c-ac75-33c9dd924b77', 'kerala fish curry', false, null);
insert into food_aliases (food_item_id, alias, is_user_correction, owner_user_id) values ('68a820e2-e35f-4f7c-ac75-33c9dd924b77', 'kottayam fish curry', false, null);
insert into food_aliases (food_item_id, alias, is_user_correction, owner_user_id) values ('68a820e2-e35f-4f7c-ac75-33c9dd924b77', 'kerala meen curry', false, null);
insert into food_aliases (food_item_id, alias, is_user_correction, owner_user_id) values ('c7c76b58-45d8-465c-bd6e-a3d791aecac8', 'meen moilee', false, null);
insert into food_aliases (food_item_id, alias, is_user_correction, owner_user_id) values ('c7c76b58-45d8-465c-bd6e-a3d791aecac8', 'fish molee', false, null);
insert into food_aliases (food_item_id, alias, is_user_correction, owner_user_id) values ('713d5dbe-27d5-4d5a-a47b-ec3426ac2a54', 'beef ularthiyathu', false, null);
insert into food_aliases (food_item_id, alias, is_user_correction, owner_user_id) values ('713d5dbe-27d5-4d5a-a47b-ec3426ac2a54', 'beef roast kerala', false, null);
insert into food_aliases (food_item_id, alias, is_user_correction, owner_user_id) values ('17a99450-b95e-4389-b7ea-d0020e20f652', 'tapioca', false, null);
insert into food_aliases (food_item_id, alias, is_user_correction, owner_user_id) values ('17a99450-b95e-4389-b7ea-d0020e20f652', 'cassava', false, null);
insert into food_aliases (food_item_id, alias, is_user_correction, owner_user_id) values ('17a99450-b95e-4389-b7ea-d0020e20f652', 'maravalli kizhangu', false, null);
insert into food_aliases (food_item_id, alias, is_user_correction, owner_user_id) values ('4f79af30-bc27-43e4-8f9e-bb53fc507503', 'paal payasam', false, null);
insert into food_aliases (food_item_id, alias, is_user_correction, owner_user_id) values ('4f79af30-bc27-43e4-8f9e-bb53fc507503', 'kerala kheer', false, null);
insert into food_aliases (food_item_id, alias, is_user_correction, owner_user_id) values ('de137651-87f9-4d2f-b55f-29dc3226d060', 'khara pongal', false, null);
insert into food_aliases (food_item_id, alias, is_user_correction, owner_user_id) values ('de137651-87f9-4d2f-b55f-29dc3226d060', 'pongal', false, null);
insert into food_aliases (food_item_id, alias, is_user_correction, owner_user_id) values ('0e902062-2b76-45dd-969e-c15b8c4ca827', 'sweet pongal', false, null);
insert into food_aliases (food_item_id, alias, is_user_correction, owner_user_id) values ('0e902062-2b76-45dd-969e-c15b8c4ca827', 'chakkara pongal', false, null);
insert into food_aliases (food_item_id, alias, is_user_correction, owner_user_id) values ('87fa8c96-ac50-48d8-a9b5-31590cde06cf', 'vada', false, null);
insert into food_aliases (food_item_id, alias, is_user_correction, owner_user_id) values ('87fa8c96-ac50-48d8-a9b5-31590cde06cf', 'urad dal vada', false, null);
insert into food_aliases (food_item_id, alias, is_user_correction, owner_user_id) values ('87fa8c96-ac50-48d8-a9b5-31590cde06cf', 'ulundu vadai', false, null);
insert into food_aliases (food_item_id, alias, is_user_correction, owner_user_id) values ('8153326b-593d-4d84-946c-0a107a5b5ac2', 'kuzhi paniyaram', false, null);
insert into food_aliases (food_item_id, alias, is_user_correction, owner_user_id) values ('8153326b-593d-4d84-946c-0a107a5b5ac2', 'paddu', false, null);
insert into food_aliases (food_item_id, alias, is_user_correction, owner_user_id) values ('8153326b-593d-4d84-946c-0a107a5b5ac2', 'paniyaram', false, null);
insert into food_aliases (food_item_id, alias, is_user_correction, owner_user_id) values ('75454d9c-660d-4006-ba46-76431e95ba0c', 'chakli', false, null);
insert into food_aliases (food_item_id, alias, is_user_correction, owner_user_id) values ('75454d9c-660d-4006-ba46-76431e95ba0c', 'muruku', false, null);
insert into food_aliases (food_item_id, alias, is_user_correction, owner_user_id) values ('92953484-bf00-4527-a5bc-94f9efc9df53', 'chana sundal', false, null);
insert into food_aliases (food_item_id, alias, is_user_correction, owner_user_id) values ('92953484-bf00-4527-a5bc-94f9efc9df53', 'chickpea sundal', false, null);
insert into food_aliases (food_item_id, alias, is_user_correction, owner_user_id) values ('0129ee49-3c54-410e-8c53-53b9de0d7511', 'chettinad chicken', false, null);
insert into food_aliases (food_item_id, alias, is_user_correction, owner_user_id) values ('b9dcb8a8-1fb9-411d-ae5b-aa9ad745446d', 'mutton varuval', false, null);
insert into food_aliases (food_item_id, alias, is_user_correction, owner_user_id) values ('52edb2d5-18d4-4af6-b5e8-44eea3f797b5', 'fish fry tamil style', false, null);
insert into food_aliases (food_item_id, alias, is_user_correction, owner_user_id) values ('52edb2d5-18d4-4af6-b5e8-44eea3f797b5', 'meen porichathu', false, null);
insert into food_aliases (food_item_id, alias, is_user_correction, owner_user_id) values ('bdde0a75-ff0c-4773-949b-733142877661', 'beans poriyal', false, null);
insert into food_aliases (food_item_id, alias, is_user_correction, owner_user_id) values ('bdde0a75-ff0c-4773-949b-733142877661', 'carrot poriyal', false, null);
insert into food_aliases (food_item_id, alias, is_user_correction, owner_user_id) values ('c7562768-3ea4-4f0b-8aa5-97af75c0d417', 'vata kuzhambu', false, null);
insert into food_aliases (food_item_id, alias, is_user_correction, owner_user_id) values ('c7562768-3ea4-4f0b-8aa5-97af75c0d417', 'vathal kuzhambu', false, null);
insert into food_aliases (food_item_id, alias, is_user_correction, owner_user_id) values ('df4b8795-ccd1-415f-bb16-d5d8a80406cb', 'more kuzhambu', false, null);
insert into food_aliases (food_item_id, alias, is_user_correction, owner_user_id) values ('df4b8795-ccd1-415f-bb16-d5d8a80406cb', 'majjige huli', false, null);
insert into food_aliases (food_item_id, alias, is_user_correction, owner_user_id) values ('aa4bacaa-a462-4261-a25a-cd24a9b1e905', 'bisibelebath', false, null);
insert into food_aliases (food_item_id, alias, is_user_correction, owner_user_id) values ('aa4bacaa-a462-4261-a25a-cd24a9b1e905', 'bisi bele huliyanna', false, null);
insert into food_aliases (food_item_id, alias, is_user_correction, owner_user_id) values ('6ccfff11-6a01-437a-85eb-66b3cc80f499', 'semiya payasam', false, null);
insert into food_aliases (food_item_id, alias, is_user_correction, owner_user_id) values ('6ccfff11-6a01-437a-85eb-66b3cc80f499', 'semiya kheer', false, null);
insert into food_aliases (food_item_id, alias, is_user_correction, owner_user_id) values ('6ccfff11-6a01-437a-85eb-66b3cc80f499', 'vermicelli payasam', false, null);
insert into food_aliases (food_item_id, alias, is_user_correction, owner_user_id) values ('ba6afa86-aa87-473f-9016-ae5b25940d51', 'sabudana khichadi', false, null);
insert into food_aliases (food_item_id, alias, is_user_correction, owner_user_id) values ('ba6afa86-aa87-473f-9016-ae5b25940d51', 'sago khichdi', false, null);
insert into food_aliases (food_item_id, alias, is_user_correction, owner_user_id) values ('8489ca8c-aea4-4514-889a-f26e95f9c216', 'pazham pori', false, null);
insert into food_aliases (food_item_id, alias, is_user_correction, owner_user_id) values ('78bc1658-e37e-4738-abab-ccb78ab5ed11', 'appam', false, null);
insert into food_aliases (food_item_id, alias, is_user_correction, owner_user_id) values ('91c39f9b-6566-4868-ba7f-87a74d8de83e', 'puttu', false, null);
insert into food_aliases (food_item_id, alias, is_user_correction, owner_user_id) values ('243f56f3-c54b-40cf-aaab-a36c99b437b5', 'idiyappam', false, null);
insert into food_aliases (food_item_id, alias, is_user_correction, owner_user_id) values ('85fe1e5e-f993-4cd4-b7fa-8280ff5902b1', 'unniyappam', false, null);
insert into food_aliases (food_item_id, alias, is_user_correction, owner_user_id) values ('fd1118cc-72bb-4f11-882e-d94c0ad55d3f', 'banana chips', false, null);
insert into food_aliases (food_item_id, alias, is_user_correction, owner_user_id) values ('cbf88882-bb11-4c28-8a23-395c27614d1e', 'malabar parotta', false, null);
insert into food_aliases (food_item_id, alias, is_user_correction, owner_user_id) values ('68b3a02a-3292-4c53-9f28-15c730c07c21', 'egg roast', false, null);
insert into food_aliases (food_item_id, alias, is_user_correction, owner_user_id) values ('56ac987d-605b-4402-aa5d-57c4f09d1ccc', 'kadala curry', false, null);
insert into food_aliases (food_item_id, alias, is_user_correction, owner_user_id) values ('4b8b985c-7f0f-4b01-b6e9-f4c489d05429', 'thoran', false, null);
insert into food_aliases (food_item_id, alias, is_user_correction, owner_user_id) values ('f28f51cd-f210-4070-867a-46ae5be821da', 'olan', false, null);
insert into food_aliases (food_item_id, alias, is_user_correction, owner_user_id) values ('9619ca7a-fbe9-4057-947b-29cd52fed4c6', 'erissery', false, null);
insert into food_aliases (food_item_id, alias, is_user_correction, owner_user_id) values ('c7c76b58-45d8-465c-bd6e-a3d791aecac8', 'fish moilee', false, null);
insert into food_aliases (food_item_id, alias, is_user_correction, owner_user_id) values ('713d5dbe-27d5-4d5a-a47b-ec3426ac2a54', 'beef fry', false, null);
insert into food_aliases (food_item_id, alias, is_user_correction, owner_user_id) values ('17a99450-b95e-4389-b7ea-d0020e20f652', 'kappa', false, null);
insert into food_aliases (food_item_id, alias, is_user_correction, owner_user_id) values ('1802fc95-b3ca-4a7a-92e7-fae61bdbd744', 'ada pradhaman', false, null);
insert into food_aliases (food_item_id, alias, is_user_correction, owner_user_id) values ('0e902062-2b76-45dd-969e-c15b8c4ca827', 'sakkarai pongal', false, null);
insert into food_aliases (food_item_id, alias, is_user_correction, owner_user_id) values ('1abcdd65-cb19-4b70-acad-bfb04e357cd9', 'adai', false, null);
insert into food_aliases (food_item_id, alias, is_user_correction, owner_user_id) values ('92953484-bf00-4527-a5bc-94f9efc9df53', 'sundal', false, null);
insert into food_aliases (food_item_id, alias, is_user_correction, owner_user_id) values ('b9dcb8a8-1fb9-411d-ae5b-aa9ad745446d', 'mutton chukka', false, null);
insert into food_aliases (food_item_id, alias, is_user_correction, owner_user_id) values ('52edb2d5-18d4-4af6-b5e8-44eea3f797b5', 'meen varuval', false, null);
insert into food_aliases (food_item_id, alias, is_user_correction, owner_user_id) values ('f20e86a2-68e2-42b4-a093-43074da8d6d8', 'prawn masala', false, null);
insert into food_aliases (food_item_id, alias, is_user_correction, owner_user_id) values ('bdde0a75-ff0c-4773-949b-733142877661', 'poriyal', false, null);
insert into food_aliases (food_item_id, alias, is_user_correction, owner_user_id) values ('e4498877-30d6-41f8-916d-bc0b356637e4', 'kootu', false, null);
insert into food_aliases (food_item_id, alias, is_user_correction, owner_user_id) values ('df4b8795-ccd1-415f-bb16-d5d8a80406cb', 'mor kuzhambu', false, null);
insert into food_aliases (food_item_id, alias, is_user_correction, owner_user_id) values ('aa4bacaa-a462-4261-a25a-cd24a9b1e905', 'bisi bele bath', false, null);
insert into food_aliases (food_item_id, alias, is_user_correction, owner_user_id) values ('35785350-a6b6-4cc1-8180-104c78d58761', 'pav bhaji', false, null);

commit;
